{"cameraMode":{"drawMode":0,"name":"Shaded","section":"Shading Mode"},"sceneLighting":false,"audioPlay":false,"sceneViewState":{"m_AlwaysRefresh":false,"showFog":true,"showSkybox":false,"showFlares":true,"showImageEffects":true,"showParticleSystems":true,"showVisualEffectGraphs":true,"m_FxEnabled":false},"in2DMode":false,"pivot":{"x":0.02261418104171753,"y":0.41864636540412905,"z":-0.06718301773071289},"rotation":{"x":0.15614090859889985,"y":-0.2316982001066208,"z":0.03778577595949173,"w":0.9595717191696167},"size":0.9480850100517273,"orthographic":false}