{"cameraMode":{"drawMode":0,"name":"Shaded","section":"Shading Mode"},"sceneLighting":true,"audioPlay":false,"sceneViewState":{"m_AlwaysRefresh":false,"showFog":true,"showSkybox":true,"showFlares":true,"showImageEffects":true,"showParticleSystems":true,"showVisualEffectGraphs":true,"m_FxEnabled":true},"in2DMode":false,"pivot":{"x":-2.7383008003234865,"y":-4.815867900848389,"z":15.352483749389649},"rotation":{"x":-0.10657452046871185,"y":0.024454372003674508,"z":-0.002622101688757539,"w":-0.9940007925033569},"size":26.422887802124025,"orthographic":false}