{"cameraMode":{"drawMode":0,"name":"Shaded","section":"Shading Mode"},"sceneLighting":false,"audioPlay":false,"sceneViewState":{"m_AlwaysRefresh":false,"showFog":true,"showSkybox":false,"showFlares":true,"showImageEffects":true,"showParticleSystems":true,"showVisualEffectGraphs":true,"m_FxEnabled":true},"in2DMode":false,"pivot":{"x":-0.016411304473876954,"y":0.5290064811706543,"z":0.013406023383140564},"rotation":{"x":0.36261266469955447,"y":-0.03619373217225075,"z":0.014322450384497643,"w":0.9312583804130554},"size":1.7598499059677125,"orthographic":false}